{"cameraMode":{"drawMode":0,"name":"Shaded","section":"Shading Mode"},"sceneLighting":true,"audioPlay":false,"sceneViewState":{"m_AlwaysRefresh":false,"showFog":true,"showSkybox":true,"showFlares":true,"showImageEffects":true,"showParticleSystems":true,"showVisualEffectGraphs":true,"m_FxEnabled":true},"in2DMode":false,"pivot":{"x":1.9347801208496094,"y":1.6714190244674683,"z":-2.1955788135528566},"rotation":{"x":-0.046460069715976718,"y":0.951421856880188,"z":-0.24528038501739503,"w":-0.18021555244922639},"size":11.104782104492188,"orthographic":false}